Date,Total
2012/1/1,141
2012/1/2,143
2012/1/3,184
2012/1/4,176
2012/1/5,150
2012/1/6,184
2012/1/7,140
2012/1/8,107
2012/1/9,143
2012/1/10,173
2012/1/11,188
2012/1/12,175
2012/1/13,200
2012/1/14,163
2012/1/15,134
2012/1/16,177
2012/1/17,181
2012/1/18,190
2012/1/19,212
2012/1/20,233
2012/1/21,162
2012/1/22,89
2012/1/23,173
2012/1/24,176
2012/1/25,193
2012/1/26,158
2012/1/27,228
2012/1/28,153
2012/1/29,91
2012/1/30,113
2012/1/31,127
2012/2/1,134
2012/2/2,140
2012/2/3,188
2012/2/4,137
2012/2/5,84
2012/2/6,112
2012/2/7,139
2012/2/8,106
2012/2/9,164
2012/2/10,164
2012/2/11,144
2012/2/12,110
2012/2/13,117
2012/2/14,135
2012/2/15,149
2012/2/16,131
2012/2/17,186
2012/2/18,141
2012/2/19,115
2012/2/20,131
2012/2/21,155
2012/2/22,148
2012/2/23,163
2012/2/24,143
2012/2/25,134
2012/2/26,118
2012/2/27,123
2012/2/28,124
2012/2/29,148
2012/3/1,140
2012/3/2,193
2012/3/3,147
2012/3/4,122
2012/3/5,127
2012/3/6,157
2012/3/7,167
2012/3/8,186
2012/3/9,179
2012/3/10,178
2012/3/11,122
2012/3/12,157
2012/3/13,167
2012/3/14,185
2012/3/15,184
2012/3/16,227
2012/3/17,135
2012/3/18,121
2012/3/19,150
2012/3/20,163
2012/3/21,162
2012/3/22,171
2012/3/23,192
2012/3/24,178
2012/3/25,150
2012/3/26,159
2012/3/27,194
2012/3/28,221
2012/3/29,191
2012/3/30,207
2012/3/31,168
2012/4/1,173
2012/4/2,169
2012/4/3,166
2012/4/4,179
2012/4/5,168
2012/4/6,186
2012/4/7,154
2012/4/8,122
2012/4/9,105
2012/4/10,191
2012/4/11,163
2012/4/12,157
2012/4/13,159
2012/4/14,164
2012/4/15,123
2012/4/16,147
2012/4/17,164
2012/4/18,149
2012/4/19,152
2012/4/20,195
2012/4/21,146
2012/4/22,134
2012/4/23,112
2012/4/24,148
2012/4/25,134
2012/4/26,134
2012/4/27,149
2012/4/28,168
2012/4/29,124
2012/4/30,137
2012/5/1,141
2012/5/2,152
2012/5/3,161
2012/5/4,169
2012/5/5,155
2012/5/6,129
2012/5/7,135
2012/5/8,87
2012/5/9,184
2012/5/10,181
2012/5/11,211
2012/5/12,205
2012/5/13,160
2012/5/14,190
2012/5/15,221
2012/5/16,192
2012/5/17,147
2012/5/18,148
2012/5/19,163
2012/5/20,119
2012/5/21,169
2012/5/22,163
2012/5/23,189
2012/5/24,195
2012/5/25,246
2012/5/26,206
2012/5/27,151
2012/5/28,146
2012/5/29,221
2012/5/30,182
2012/5/31,220
2012/6/1,189
2012/6/2,201
2012/6/3,129
2012/6/4,167
2012/6/5,210
2012/6/6,199
2012/6/7,188
2012/6/8,219
2012/6/9,181
2012/6/10,155
2012/6/11,177
2012/6/12,203
2012/6/13,195
2012/6/14,194
2012/6/15,242
2012/6/16,200
2012/6/17,180
2012/6/18,177
2012/6/19,176
2012/6/20,180
2012/6/21,215
2012/6/22,240
2012/6/23,177
2012/6/24,154
2012/6/25,176
2012/6/26,208
2012/6/27,193
2012/6/28,198
2012/6/29,223
2012/6/30,200
2012/7/1,172
2012/7/2,192
2012/7/3,194
2012/7/4,187
2012/7/5,217
2012/7/6,220
2012/7/7,178
2012/7/8,118
2012/7/9,155
2012/7/10,147
2012/7/11,191
2012/7/12,179
2012/7/13,197
2012/7/14,150
2012/7/15,125
2012/7/16,157
2012/7/17,161
2012/7/18,177
2012/7/19,148
2012/7/20,189
2012/7/21,181
2012/7/22,152
2012/7/23,215
2012/7/24,199
2012/7/25,223
2012/7/26,168
2012/7/27,168
2012/7/28,166
2012/7/29,150
2012/7/30,159
2012/7/31,163
2012/8/1,148
2012/8/2,149
2012/8/3,184
2012/8/4,147
2012/8/5,129
2012/8/6,148
2012/8/7,139
2012/8/8,151
2012/8/9,144
2012/8/10,174
2012/8/11,153
2012/8/12,126
2012/8/13,124
2012/8/14,144
2012/8/15,111
2012/8/16,117
2012/8/17,176
2012/8/18,140
2012/8/19,121
2012/8/20,137
2012/8/21,161
2012/8/22,137
2012/8/23,171
2012/8/24,135
2012/8/25,152
2012/8/26,102
2012/8/27,165
2012/8/28,141
2012/8/29,159
2012/8/30,171
2012/8/31,190
2012/9/1,150
2012/9/2,131
2012/9/3,156
2012/9/4,173
2012/9/5,168
2012/9/6,229
2012/9/7,250
2012/9/8,221
2012/9/9,186
2012/9/10,192
2012/9/11,213
2012/9/12,166
2012/9/13,201
2012/9/14,232
2012/9/15,186
2012/9/16,171
2012/9/17,171
2012/9/18,168
2012/9/19,212
2012/9/20,199
2012/9/21,233
2012/9/22,189
2012/9/23,155
2012/9/24,225
2012/9/25,218
2012/9/26,180
2012/9/27,220
2012/9/28,270
2012/9/29,204
2012/9/30,176
2012/10/1,177
2012/10/2,219
2012/10/3,211
2012/10/4,244
2012/10/5,258
2012/10/6,209
2012/10/7,138
2012/10/8,202
2012/10/9,222
2012/10/10,200
2012/10/11,206
2012/10/12,250
2012/10/13,184
2012/10/14,143
2012/10/15,211
2012/10/16,199
2012/10/17,195
2012/10/18,185
2012/10/19,243
2012/10/20,202
2012/10/21,152
2012/10/22,185
2012/10/23,190
2012/10/24,201
2012/10/25,193
2012/10/26,214
2012/10/27,190
2012/10/28,110
2012/10/29,162
2012/10/30,172
2012/10/31,182
2012/11/1,132
2012/11/2,190
2012/11/3,157
2012/11/4,134
2012/11/5,167
2012/11/6,177
2012/11/7,196
2012/11/8,166
2012/11/9,210
2012/11/10,191
2012/11/11,134
2012/11/12,182
2012/11/13,200
2012/11/14,178
2012/11/15,172
2012/11/16,206
2012/11/17,181
2012/11/18,128
2012/11/19,186
2012/11/20,184
2012/11/21,177
2012/11/22,205
2012/11/23,238
2012/11/24,145
2012/11/25,119
2012/11/26,176
2012/11/27,181
2012/11/28,191
2012/11/29,193
2012/11/30,223
2012/12/1,160
2012/12/2,143
2012/12/3,211
2012/12/4,247
2012/12/5,178
2012/12/6,208
2012/12/7,181
2012/12/8,156
2012/12/9,115
2012/12/10,162
2012/12/11,182
2012/12/12,192
2012/12/13,189
2012/12/14,232
2012/12/15,181
2012/12/16,133
2012/12/17,191
2012/12/18,194
2012/12/19,228
2012/12/20,228
2012/12/21,264
2012/12/22,184
2012/12/23,118
2012/12/24,115
2012/12/25,72
2012/12/26,110
2012/12/27,124
2012/12/28,142
2012/12/29,148
2012/12/30,92
2012/12/31,113
2013/1/1,116
2013/1/2,140
2013/1/3,132
2013/1/4,130
2013/1/5,122
2013/1/6,92
2013/1/7,127
2013/1/8,165
2013/1/9,179
2013/1/10,220
2013/1/11,219
2013/1/12,140
2013/1/13,89
2013/1/14,162
2013/1/15,155
2013/1/16,154
2013/1/17,143
2013/1/18,167
2013/1/19,110
2013/1/20,81
2013/1/21,84
2013/1/22,127
2013/1/23,150
2013/1/24,131
2013/1/25,160
2013/1/26,134
2013/1/27,97
2013/1/28,193
2013/1/29,162
2013/1/30,161
2013/1/31,153
2013/2/1,183
2013/2/2,134
2013/2/3,103
2013/2/4,157
2013/2/5,151
2013/2/6,191
2013/2/7,155
2013/2/8,185
2013/2/9,123
2013/2/10,106
2013/2/11,150
2013/2/12,160
2013/2/13,134
2013/2/14,154
2013/2/15,173
2013/2/16,137
2013/2/17,90
2013/2/18,144
2013/2/19,155
2013/2/20,144
2013/2/21,137
2013/2/22,140
2013/2/23,115
2013/2/24,80
2013/2/25,92
2013/2/26,111
2013/2/27,139
2013/2/28,148
2013/3/1,120
2013/3/2,126
2013/3/3,112
2013/3/4,149
2013/3/5,148
2013/3/6,124
2013/3/7,140
2013/3/8,148
2013/3/9,168
2013/3/10,99
2013/3/11,145
2013/3/12,115
2013/3/13,89
2013/3/14,123
2013/3/15,158
2013/3/16,133
2013/3/17,106
2013/3/18,134
2013/3/19,109
2013/3/20,132
2013/3/21,175
2013/3/22,156
2013/3/23,120
2013/3/24,105
2013/3/25,136
2013/3/26,137
2013/3/27,111
2013/3/28,158
2013/3/29,150
2013/3/30,128
2013/3/31,91
2013/4/1,108
2013/4/2,149
2013/4/3,136
2013/4/4,112
2013/4/5,157
2013/4/6,146
2013/4/7,137
2013/4/8,149
2013/4/9,166
2013/4/10,145
2013/4/11,148
2013/4/12,209
2013/4/13,151
2013/4/14,182
2013/4/15,159
2013/4/16,160
2013/4/17,179
2013/4/18,177
2013/4/19,187
2013/4/20,142
2013/4/21,139
2013/4/22,125
2013/4/23,147
2013/4/24,154
2013/4/25,198
2013/4/26,151
2013/4/27,132
2013/4/28,107
2013/4/29,139
2013/4/30,162
2013/5/1,106
2013/5/2,154
2013/5/3,165
2013/5/4,150
2013/5/5,133
2013/5/6,148
2013/5/7,162
2013/5/8,114
2013/5/9,107
2013/5/10,147
2013/5/11,134
2013/5/12,126
2013/5/13,164
2013/5/14,143
2013/5/15,167
2013/5/16,172
2013/5/17,183
2013/5/18,153
2013/5/19,123
2013/5/20,127
2013/5/21,166
2013/5/22,162
2013/5/23,135
2013/5/24,182
2013/5/25,158
2013/5/26,131
2013/5/27,179
2013/5/28,145
2013/5/29,149
2013/5/30,185
2013/5/31,163
2013/6/1,155
2013/6/2,141
2013/6/3,161
2013/6/4,203
2013/6/5,180
2013/6/6,209
2013/6/7,246
2013/6/8,197
2013/6/9,155
2013/6/10,163
2013/6/11,179
2013/6/12,173
2013/6/13,181
2013/6/14,226
2013/6/15,196
2013/6/16,177
2013/6/17,194
2013/6/18,195
2013/6/19,177
2013/6/20,183
2013/6/21,216
2013/6/22,178
2013/6/23,136
2013/6/24,165
2013/6/25,207
2013/6/26,184
2013/6/27,190
2013/6/28,203
2013/6/29,187
2013/6/30,160
2013/7/1,171
2013/7/2,198
2013/7/3,176
2013/7/4,176
2013/7/5,219
2013/7/6,194
2013/7/7,171
2013/7/8,184
2013/7/9,208
2013/7/10,202
2013/7/11,206
2013/7/12,258
2013/7/13,194
2013/7/14,148
2013/7/15,189
2013/7/16,198
2013/7/17,181
2013/7/18,174
2013/7/19,212
2013/7/20,189
2013/7/21,166
2013/7/22,158
2013/7/23,169
2013/7/24,186
2013/7/25,186
2013/7/26,189
2013/7/27,155
2013/7/28,139
2013/7/29,156
2013/7/30,123
2013/7/31,162
2013/8/1,201
2013/8/2,182
2013/8/3,148
2013/8/4,142
2013/8/5,141
2013/8/6,147
2013/8/7,139
2013/8/8,160
2013/8/9,144
2013/8/10,156
2013/8/11,117
2013/8/12,117
2013/8/13,137
2013/8/14,159
2013/8/15,114
2013/8/16,132
2013/8/17,141
2013/8/18,129
2013/8/19,120
2013/8/20,153
2013/8/21,160
2013/8/22,161
2013/8/23,161
2013/8/24,123
2013/8/25,127
2013/8/26,135
2013/8/27,155
2013/8/28,125
2013/8/29,134
2013/8/30,154
2013/8/31,152
2013/9/1,155
2013/9/2,197
2013/9/3,224
2013/9/4,225
2013/9/5,217
2013/9/6,200
2013/9/7,185
2013/9/8,127
2013/9/9,207
2013/9/10,199
2013/9/11,160
2013/9/12,145
2013/9/13,213
2013/9/14,201
2013/9/15,152
2013/9/16,164
2013/9/17,170
2013/9/18,191
2013/9/19,164
2013/9/20,215
2013/9/21,162
2013/9/22,166
2013/9/23,188
2013/9/24,247
2013/9/25,180
2013/9/26,196
2013/9/27,218
2013/9/28,181
2013/9/29,169
2013/9/30,189
2013/10/1,187
2013/10/2,175
2013/10/3,191
2013/10/4,222
2013/10/5,165
2013/10/6,142
2013/10/7,197
2013/10/8,171
2013/10/9,189
2013/10/10,185
2013/10/11,212
2013/10/12,158
2013/10/13,124
2013/10/14,158
2013/10/15,203
2013/10/16,226
2013/10/17,190
2013/10/18,211
2013/10/19,154
2013/10/20,175
2013/10/21,164
2013/10/22,145
2013/10/23,174
2013/10/24,175
2013/10/25,190
2013/10/26,179
2013/10/27,122
2013/10/28,157
2013/10/29,176
2013/10/30,170
2013/10/31,219
2013/11/1,125
2013/11/2,144
2013/11/3,121
2013/11/4,180
2013/11/5,192
2013/11/6,209
2013/11/7,195
2013/11/8,223
2013/11/9,187
2013/11/10,127
2013/11/11,119
2013/11/12,233
2013/11/13,208
2013/11/14,194
2013/11/15,180
2013/11/16,119
2013/11/17,108
2013/11/18,157
2013/11/19,195
2013/11/20,198
2013/11/21,206
2013/11/22,202
2013/11/23,139
2013/11/24,109
2013/11/25,156
2013/11/26,163
2013/11/27,172
2013/11/28,193
2013/11/29,201
2013/11/30,158
2013/12/1,126
2013/12/2,165
2013/12/3,190
2013/12/4,187
2013/12/5,211
2013/12/6,204
2013/12/7,160
2013/12/8,113
2013/12/9,218
2013/12/10,223
2013/12/11,198
2013/12/12,209
2013/12/13,219
2013/12/14,181
2013/12/15,114
2013/12/16,220
2013/12/17,159
2013/12/18,172
2013/12/19,210
2013/12/20,243
2013/12/21,148
2013/12/22,131
2013/12/23,150
2013/12/24,124
2013/12/25,71
2013/12/26,108
2013/12/27,133
2013/12/28,114
2013/12/29,104
2013/12/30,117
2013/12/31,111
2014/1/1,106
2014/1/2,126
2014/1/3,123
2014/1/4,90
2014/1/5,79
2014/1/6,143
2014/1/7,175
2014/1/8,155
2014/1/9,175
2014/1/10,193
2014/1/11,151
2014/1/12,112
2014/1/13,173
2014/1/14,199
2014/1/15,186
2014/1/16,211
2014/1/17,246
2014/1/18,150
2014/1/19,96
2014/1/20,143
2014/1/21,154
2014/1/22,180
2014/1/23,161
2014/1/24,192
2014/1/25,171
2014/1/26,108
2014/1/27,148
2014/1/28,168
2014/1/29,141
2014/1/30,157
2014/1/31,171
2014/2/1,135
2014/2/2,132
2014/2/3,146
2014/2/4,167
2014/2/5,154
2014/2/6,175
2014/2/7,184
2014/2/8,141
2014/2/9,125
2014/2/10,144
2014/2/11,179
2014/2/12,199
2014/2/13,147
2014/2/14,182
2014/2/15,142
2014/2/16,128
2014/2/17,140
2014/2/18,124
2014/2/19,141
2014/2/20,172
2014/2/21,169
2014/2/22,136
2014/2/23,128
2014/2/24,132
2014/2/25,115
2014/2/26,153
2014/2/27,163
2014/2/28,171
2014/3/1,134
2014/3/2,123
2014/3/3,146
2014/3/4,127
2014/3/5,158
2014/3/6,175
2014/3/7,172
2014/3/8,179
2014/3/9,164
2014/3/10,155
2014/3/11,165
2014/3/12,152
2014/3/13,167
2014/3/14,205
2014/3/15,139
2014/3/16,161
2014/3/17,140
2014/3/18,143
2014/3/19,153
2014/3/20,169
2014/3/21,164
2014/3/22,131
2014/3/23,136
2014/3/24,137
2014/3/25,187
2014/3/26,142
2014/3/27,134
2014/3/28,232
2014/3/29,135
2014/3/30,115
2014/3/31,133
2014/4/1,183
2014/4/2,148
2014/4/3,158
2014/4/4,193
2014/4/5,173
2014/4/6,140
2014/4/7,159
2014/4/8,161
2014/4/9,254
2014/4/10,188
2014/4/11,210
2014/4/12,167
2014/4/13,123
2014/4/14,179
2014/4/15,202
2014/4/16,206
2014/4/17,182
2014/4/18,172
2014/4/19,171
2014/4/20,107
2014/4/21,86
2014/4/22,158
2014/4/23,142
2014/4/24,149
2014/4/25,187
2014/4/26,164
2014/4/27,142
2014/4/28,135
2014/4/29,152
2014/4/30,176
2014/5/1,101
2014/5/2,134
2014/5/3,153
2014/5/4,134
2014/5/5,192
2014/5/6,149
2014/5/7,159
2014/5/8,140
2014/5/9,180
2014/5/10,144
2014/5/11,114
2014/5/12,146
2014/5/13,170
2014/5/14,184
2014/5/15,200
2014/5/16,265
2014/5/17,194
2014/5/18,156
2014/5/19,175
2014/5/20,172
2014/5/21,177
2014/5/22,188
2014/5/23,212
2014/5/24,167
2014/5/25,137
2014/5/26,152
2014/5/27,159
2014/5/28,204
2014/5/29,120
2014/5/30,167
2014/5/31,168
2014/6/1,134
2014/6/2,162
2014/6/3,156
2014/6/4,189
2014/6/5,177
2014/6/6,234
2014/6/7,183
2014/6/8,169
2014/6/9,125
2014/6/10,207
2014/6/11,225
2014/6/12,229
2014/6/13,214
2014/6/14,169
2014/6/15,157
2014/6/16,193
2014/6/17,199
2014/6/18,184
2014/6/19,197
2014/6/20,237
2014/6/21,195
2014/6/22,178
2014/6/23,175
2014/6/24,204
2014/6/25,189
2014/6/26,193
2014/6/27,201
2014/6/28,172
2014/6/29,140
2014/6/30,163
2014/7/1,179
2014/7/2,172
2014/7/3,222
2014/7/4,195
2014/7/5,158
2014/7/6,158
2014/7/7,151
2014/7/8,159
2014/7/9,146
2014/7/10,160
2014/7/11,150
2014/7/12,137
2014/7/13,117
2014/7/14,102
2014/7/15,192
2014/7/16,194
2014/7/17,160
2014/7/18,187
2014/7/19,162
2014/7/20,124
2014/7/21,151
2014/7/22,157
2014/7/23,139
2014/7/24,161
2014/7/25,179
2014/7/26,153
2014/7/27,132
2014/7/28,141
2014/7/29,126
2014/7/30,149
2014/7/31,170
2014/8/1,178
2014/8/2,142
2014/8/3,133
2014/8/4,105
2014/8/5,144
2014/8/6,158
2014/8/7,149
2014/8/8,146
2014/8/9,126
2014/8/10,136
2014/8/11,116
2014/8/12,129
2014/8/13,115
2014/8/14,137
2014/8/15,106
2014/8/16,114
2014/8/17,106
2014/8/18,119
2014/8/19,115
2014/8/20,119
2014/8/21,129
2014/8/22,144
2014/8/23,168
2014/8/24,123
2014/8/25,150
2014/8/26,148
2014/8/27,153
2014/8/28,151
2014/8/29,159
2014/8/30,157
2014/8/31,141
2014/9/1,165
2014/9/2,149
2014/9/3,156
2014/9/4,188
2014/9/5,186
2014/9/6,186
2014/9/7,161
2014/9/8,161
2014/9/9,191
2014/9/10,177
2014/9/11,202
2014/9/12,258
2014/9/13,182
2014/9/14,144
2014/9/15,153
2014/9/16,197
2014/9/17,196
2014/9/18,198
2014/9/19,197
2014/9/20,166
2014/9/21,162
2014/9/22,157
2014/9/23,185
2014/9/24,187
2014/9/25,196
2014/9/26,224
2014/9/27,212
2014/9/28,146
2014/9/29,192
2014/9/30,193
2014/10/1,190
2014/10/2,210
2014/10/3,242
2014/10/4,166
2014/10/5,124
2014/10/6,202
2014/10/7,230
2014/10/8,241
2014/10/9,194
2014/10/10,195
2014/10/11,193
2014/10/12,151
2014/10/13,190
2014/10/14,202
2014/10/15,173
2014/10/16,192
2014/10/17,220
2014/10/18,207
2014/10/19,189
2014/10/20,149
2014/10/21,148
2014/10/22,157
2014/10/23,180
2014/10/24,173
2014/10/25,134
2014/10/26,167
2014/10/27,161
2014/10/28,175
2014/10/29,166
2014/10/30,195
2014/10/31,229
2014/11/1,194
2014/11/2,117
2014/11/3,205
2014/11/4,201
2014/11/5,196
2014/11/6,213
2014/11/7,195
2014/11/8,185
2014/11/9,107
2014/11/10,157
2014/11/11,106
2014/11/12,229
2014/11/13,177
2014/11/14,225
2014/11/15,170
2014/11/16,159
2014/11/17,176
2014/11/18,198
2014/11/19,179
2014/11/20,168
2014/11/21,206
2014/11/22,125
2014/11/23,114
2014/11/24,160
2014/11/25,173
2014/11/26,207
2014/11/27,194
2014/11/28,198
2014/11/29,156
2014/11/30,118
2014/12/1,151
2014/12/2,187
2014/12/3,165
2014/12/4,158
2014/12/5,198
2014/12/6,155
2014/12/7,142
2014/12/8,187
2014/12/9,232
2014/12/10,194
2014/12/11,181
2014/12/12,256
2014/12/13,173
2014/12/14,145
2014/12/15,197
2014/12/16,189
2014/12/17,224
2014/12/18,210
2014/12/19,218
2014/12/20,150
2014/12/21,113
2014/12/22,136
2014/12/23,156
2014/12/24,130
2014/12/25,62
2014/12/26,106
2014/12/27,121
2014/12/28,93
2014/12/29,84
2014/12/30,114
2014/12/31,98
2015/1/1,80
2015/1/2,108
2015/1/3,105
2015/1/4,96
2015/1/5,125
2015/1/6,144
2015/1/7,152
2015/1/8,155
2015/1/9,150
2015/1/10,135
2015/1/11,99
2015/1/12,141
2015/1/13,175
2015/1/14,168
2015/1/15,167
2015/1/16,200
2015/1/17,148
2015/1/18,92
2015/1/19,170
2015/1/20,159
2015/1/21,138
2015/1/22,132
2015/1/23,167
2015/1/24,153
2015/1/25,104
2015/1/26,154
2015/1/27,142
2015/1/28,157
2015/1/29,166
2015/1/30,216
2015/1/31,139
2015/2/1,108
2015/2/2,145
2015/2/3,114
2015/2/4,135
2015/2/5,159
2015/2/6,162
2015/2/7,135
2015/2/8,113
2015/2/9,146
2015/2/10,125
2015/2/11,181
2015/2/12,176
2015/2/13,151
2015/2/14,155
2015/2/15,112
2015/2/16,119
2015/2/17,121
2015/2/18,128
2015/2/19,148
2015/2/20,171
2015/2/21,160
2015/2/22,114
2015/2/23,137
2015/2/24,145
2015/2/25,134
2015/2/26,110
2015/2/27,172
2015/2/28,123
2015/3/1,101
2015/3/2,137
2015/3/3,120
2015/3/4,156
2015/3/5,136
2015/3/6,183
2015/3/7,168
2015/3/8,119
2015/3/9,116
2015/3/10,143
2015/3/11,154
2015/3/12,159
2015/3/13,203
2015/3/14,127
2015/3/15,107
2015/3/16,144
2015/3/17,165
2015/3/18,153
2015/3/19,136
2015/3/20,174
2015/3/21,117
2015/3/22,114
2015/3/23,127
2015/3/24,149
2015/3/25,150
2015/3/26,130
2015/3/27,181
2015/3/28,151
2015/3/29,130
2015/3/30,150
2015/3/31,151
2015/4/1,153
2015/4/2,148
2015/4/3,181
2015/4/4,147
2015/4/5,110
2015/4/6,103
2015/4/7,181
2015/4/8,216
2015/4/9,185
2015/4/10,210
2015/4/11,168
2015/4/12,160
2015/4/13,160
2015/4/14,195
2015/4/15,194
2015/4/16,143
2015/4/17,157
2015/4/18,186
2015/4/19,134
2015/4/20,157
2015/4/21,177
2015/4/22,166
2015/4/23,174
2015/4/24,173
2015/4/25,139
2015/4/26,118
2015/4/27,132
2015/4/28,133
2015/4/29,125
2015/4/30,202
2015/5/1,143
2015/5/2,143
2015/5/3,125
2015/5/4,140
2015/5/5,123
2015/5/6,174
2015/5/7,183
2015/5/8,125
2015/5/9,150
2015/5/10,158
2015/5/11,182
2015/5/12,177
2015/5/13,188
2015/5/14,124
2015/5/15,159
2015/5/16,143
2015/5/17,150
2015/5/18,162
2015/5/19,183
2015/5/20,184
2015/5/21,176
2015/5/22,191
2015/5/23,151
2015/5/24,133
2015/5/25,101
2015/5/26,169
2015/5/27,183
2015/5/28,193
2015/5/29,189
2015/5/30,179
2015/5/31,136
2015/6/1,161
2015/6/2,205
2015/6/3,188
2015/6/4,222
2015/6/5,261
2015/6/6,195
2015/6/7,168
2015/6/8,202
2015/6/9,189
2015/6/10,196
2015/6/11,213
2015/6/12,217
2015/6/13,156
2015/6/14,132
2015/6/15,180
2015/6/16,176
2015/6/17,187
2015/6/18,187
2015/6/19,218
2015/6/20,170
2015/6/21,137
2015/6/22,182
2015/6/23,172
2015/6/24,199
2015/6/25,201
2015/6/26,227
2015/6/27,162
2015/6/28,151
2015/6/29,217
2015/6/30,231
2015/7/1,201
2015/7/2,194
2015/7/3,230
2015/7/4,161
2015/7/5,163
2015/7/6,193
2015/7/7,204
2015/7/8,167
2015/7/9,214
2015/7/10,218
2015/7/11,168
2015/7/12,145
2015/7/13,139
2015/7/14,144
2015/7/15,180
2015/7/16,158
2015/7/17,178
2015/7/18,149
2015/7/19,155
2015/7/20,147
2015/7/21,172
2015/7/22,152
2015/7/23,169
2015/7/24,153
2015/7/25,174
2015/7/26,143
2015/7/27,125
2015/7/28,150
2015/7/29,159
2015/7/30,122
2015/7/31,170
2015/8/1,147
2015/8/2,162
2015/8/3,135
2015/8/4,137
2015/8/5,159
2015/8/6,128
2015/8/7,180
2015/8/8,165
2015/8/9,118
2015/8/10,155
2015/8/11,148
2015/8/12,116
2015/8/13,136
2015/8/14,151
2015/8/15,137
2015/8/16,126
2015/8/17,116
2015/8/18,102
2015/8/19,103
2015/8/20,159
2015/8/21,180
2015/8/22,150
2015/8/23,116
2015/8/24,160
2015/8/25,130
2015/8/26,134
2015/8/27,165
2015/8/28,190
2015/8/29,142
2015/8/30,137
2015/8/31,145
2015/9/1,146
2015/9/2,140
2015/9/3,161
2015/9/4,162
2015/9/5,132
2015/9/6,162
2015/9/7,181
2015/9/8,184
2015/9/9,208
2015/9/10,213
2015/9/11,199
2015/9/12,192
2015/9/13,144
2015/9/14,186
2015/9/15,171
2015/9/16,177
2015/9/17,155
2015/9/18,224
2015/9/19,170
2015/9/20,146
2015/9/21,202
2015/9/22,176
2015/9/23,190
2015/9/24,192
2015/9/25,195
2015/9/26,175
2015/9/27,137
2015/9/28,193
2015/9/29,225
2015/9/30,209
2015/10/1,225
2015/10/2,243
2015/10/3,203
2015/10/4,138
2015/10/5,183
2015/10/6,204
2015/10/7,155
2015/10/8,165
2015/10/9,243
2015/10/10,181
2015/10/11,136
2015/10/12,155
2015/10/13,196
2015/10/14,165
2015/10/15,165
2015/10/16,229
2015/10/17,131
2015/10/18,114
2015/10/19,145
2015/10/20,145
2015/10/21,129
2015/10/22,184
2015/10/23,175
2015/10/24,129
2015/10/25,136
2015/10/26,147
2015/10/27,181
2015/10/28,164
2015/10/29,119
2015/10/30,205
2015/10/31,177
2015/11/1,144
2015/11/2,187
2015/11/3,189
2015/11/4,203
2015/11/5,227
2015/11/6,244
2015/11/7,172
2015/11/8,158
2015/11/9,156
2015/11/10,209
2015/11/11,128
2015/11/12,175
2015/11/13,180
2015/11/14,134
2015/11/15,110
2015/11/16,149
2015/11/17,183
2015/11/18,173
2015/11/19,186
2015/11/20,243
2015/11/21,138
2015/11/22,110
2015/11/23,164
2015/11/24,172
2015/11/25,183
2015/11/26,180
2015/11/27,209
2015/11/28,168
2015/11/29,95
2015/11/30,176
2015/12/1,187
2015/12/2,179
2015/12/3,183
2015/12/4,229
2015/12/5,166
2015/12/6,150
2015/12/7,182
2015/12/8,213
2015/12/9,219
2015/12/10,172
2015/12/11,215
2015/12/12,147
2015/12/13,129
2015/12/14,159
2015/12/15,210
2015/12/16,192
2015/12/17,225
2015/12/18,215
2015/12/19,147
2015/12/20,118
2015/12/21,159
2015/12/22,147
2015/12/23,167
2015/12/24,124
2015/12/25,80
2015/12/26,106
2015/12/27,115
2015/12/28,127
2015/12/29,127
2015/12/30,119
2015/12/31,108
2016/1/1,121
2016/1/2,129
2016/1/3,113
2016/1/4,157
2016/1/5,167
2016/1/6,172
2016/1/7,190
2016/1/8,201
2016/1/9,152
2016/1/10,126
2016/1/11,153
2016/1/12,180
2016/1/13,166
2016/1/14,213
2016/1/15,211
2016/1/16,152
2016/1/17,81
2016/1/18,128
2016/1/19,124
2016/1/20,152
2016/1/21,176
2016/1/22,194
2016/1/23,141
2016/1/24,116
2016/1/25,144
2016/1/26,136
2016/1/27,156
2016/1/28,185
2016/1/29,154
2016/1/30,145
2016/1/31,163
2016/2/1,152
2016/2/2,148
2016/2/3,187
2016/2/4,150
2016/2/5,172
2016/2/6,149
2016/2/7,110
2016/2/8,144
2016/2/9,170
2016/2/10,163
2016/2/11,150
2016/2/12,174
2016/2/13,163
2016/2/14,120
2016/2/15,131
2016/2/16,139
2016/2/17,121
2016/2/18,122
2016/2/19,168
2016/2/20,119
2016/2/21,99
2016/2/22,126
2016/2/23,137
2016/2/24,118
2016/2/25,134
2016/2/26,162
2016/2/27,126
2016/2/28,102
2016/2/29,139
2016/3/1,173
2016/3/2,157
2016/3/3,150
2016/3/4,186
2016/3/5,158
2016/3/6,119
2016/3/7,144
2016/3/8,172
2016/3/9,146
2016/3/10,129
2016/3/11,187
2016/3/12,159
2016/3/13,118
2016/3/14,138
2016/3/15,157
2016/3/16,153
2016/3/17,164
2016/3/18,178
2016/3/19,137
2016/3/20,110
2016/3/21,104
2016/3/22,146
2016/3/23,144
2016/3/24,144
2016/3/25,174
2016/3/26,137
2016/3/27,133
2016/3/28,73
2016/3/29,160
2016/3/30,182
2016/3/31,165
2016/4/1,176
2016/4/2,114
2016/4/3,129
2016/4/4,143
2016/4/5,130
2016/4/6,178
2016/4/7,157
2016/4/8,181
2016/4/9,141
2016/4/10,135
2016/4/11,153
2016/4/12,141
2016/4/13,164
2016/4/14,175
2016/4/15,166
2016/4/16,137
2016/4/17,117
2016/4/18,166
2016/4/19,165
2016/4/20,149
2016/4/21,141
2016/4/22,144
2016/4/23,113
2016/4/24,110
2016/4/25,126
2016/4/26,135
2016/4/27,154
2016/4/28,177
2016/4/29,173
2016/4/30,136
2016/5/1,122
2016/5/2,137
2016/5/3,181
2016/5/4,233
2016/5/5,158
2016/5/6,180
2016/5/7,152
2016/5/8,148
2016/5/9,140
2016/5/10,181
2016/5/11,176
2016/5/12,164
2016/5/13,169
2016/5/14,160
2016/5/15,149
2016/5/16,122
2016/5/17,183
2016/5/18,156
2016/5/19,173
2016/5/20,178
2016/5/21,187
2016/5/22,141
2016/5/23,187
2016/5/24,163
2016/5/25,165
2016/5/26,183
2016/5/27,182
2016/5/28,181
2016/5/29,115
2016/5/30,170
2016/5/31,198
2016/6/1,176
2016/6/2,144
2016/6/3,173
2016/6/4,160
2016/6/5,135
2016/6/6,194
2016/6/7,191
2016/6/8,190
2016/6/9,218
2016/6/10,244
2016/6/11,168
2016/6/12,168
2016/6/13,154
2016/6/14,165
2016/6/15,174
2016/6/16,166
2016/6/17,183
2016/6/18,164
2016/6/19,147
2016/6/20,169
2016/6/21,167
2016/6/22,199
2016/6/23,221
2016/6/24,222
2016/6/25,159
2016/6/26,171
2016/6/27,152
2016/6/28,191
2016/6/29,191
2016/6/30,169
2016/7/1,197
2016/7/2,163
2016/7/3,145
2016/7/4,165
2016/7/5,189
2016/7/6,218
2016/7/7,209
2016/7/8,223
2016/7/9,200
2016/7/10,181
2016/7/11,181
2016/7/12,197
2016/7/13,192
2016/7/14,111
2016/7/15,147
2016/7/16,147
2016/7/17,133
2016/7/18,170
2016/7/19,156
2016/7/20,161
2016/7/21,156
2016/7/22,179
2016/7/23,159
2016/7/24,138
2016/7/25,158
2016/7/26,176
2016/7/27,157
2016/7/28,165
2016/7/29,167
2016/7/30,161
2016/7/31,149
2016/8/1,132
2016/8/2,164
2016/8/3,147
2016/8/4,151
2016/8/5,157
2016/8/6,148
2016/8/7,127
2016/8/8,139
2016/8/9,115
2016/8/10,115
2016/8/11,108
2016/8/12,143
2016/8/13,141
2016/8/14,121
2016/8/15,104
2016/8/16,130
2016/8/17,116
2016/8/18,133
2016/8/19,120
2016/8/20,144
2016/8/21,116
2016/8/22,172
2016/8/23,160
2016/8/24,140
2016/8/25,177
2016/8/26,160
2016/8/27,131
2016/8/28,132
2016/8/29,129
2016/8/30,176
2016/8/31,162
2016/9/1,176
2016/9/2,195
2016/9/3,157
2016/9/4,148
2016/9/5,217
2016/9/6,176
2016/9/7,209
2016/9/8,189
2016/9/9,227
2016/9/10,175
2016/9/11,151
2016/9/12,189
2016/9/13,176
2016/9/14,175
2016/9/15,179
2016/9/16,199
2016/9/17,138
2016/9/18,123
2016/9/19,159
2016/9/20,143
2016/9/21,200
2016/9/22,185
2016/9/23,204
2016/9/24,192
2016/9/25,158
2016/9/26,144
2016/9/27,189
2016/9/28,201
2016/9/29,207
2016/9/30,223
2016/10/1,171
2016/10/2,133
2016/10/3,213
2016/10/4,222
2016/10/5,194
2016/10/6,268
2016/10/7,200
2016/10/8,165
2016/10/9,146
2016/10/10,193
2016/10/11,194
2016/10/12,193
2016/10/13,196
2016/10/14,223
2016/10/15,182
2016/10/16,146
2016/10/17,183
2016/10/18,195
2016/10/19,180
2016/10/20,186
2016/10/21,167
2016/10/22,175
2016/10/23,135
2016/10/24,163
2016/10/25,159
2016/10/26,136
2016/10/27,189
2016/10/28,199
2016/10/29,171
2016/10/30,149
2016/10/31,166
2016/11/1,114
2016/11/2,152
2016/11/3,184
2016/11/4,222
2016/11/5,167
2016/11/6,136
2016/11/7,173
2016/11/8,191
2016/11/9,191
2016/11/10,230
2016/11/11,147
2016/11/12,176
2016/11/13,148
2016/11/14,165
2016/11/15,179
2016/11/16,180
2016/11/17,217
2016/11/18,223
2016/11/19,180
2016/11/20,137
2016/11/21,195
2016/11/22,163
2016/11/23,207
2016/11/24,161
2016/11/25,205
2016/11/26,154
2016/11/27,133
2016/11/28,194
2016/11/29,196
2016/11/30,232
2016/12/1,199
2016/12/2,222
2016/12/3,182
2016/12/4,124
2016/12/5,182
2016/12/6,208
2016/12/7,217
2016/12/8,192
2016/12/9,226
2016/12/10,193
2016/12/11,137
2016/12/12,211
2016/12/13,212
2016/12/14,198
2016/12/15,209
2016/12/16,222
2016/12/17,161
2016/12/18,127
2016/12/19,129
2016/12/20,120
2016/12/21,146
2016/12/22,196
2016/12/23,159
2016/12/24,131
2016/12/25,82
2016/12/26,112
2016/12/27,144
2016/12/28,139
2016/12/29,110
2016/12/30,125
2016/12/31,92
